{
    "Hp": 20,
    "DamageAtk": 0,
    "Mana": 30,
    "Lvl": 0,
    "Def": 0,
    "Spd": 9,
    "Xp": 0,
    "PosX": 15.084981918334961,
    "PosY": 5.158384799957275,
    "AtacsJugador": []
}